name,n_pts,interval,mean,std_dev,use_actual
residential,8760,1,0.3998626485159818,0.1714168938913749,false
commercial_sm,8760,1,0.3926884204337888,0.1361548928699779,false
commercial_md,8760,1,0.6715102547945191,0.1205058971851752,false
